123-456-78-90,123-12345678
987-654-32-10,123-23456789
246-135-79-80,123-34567890
543-210-98-76,123-45678901
789-123-45-67,123-56789012
135-792-34-68,123-67890123
642-879-01-23,123-78901234
876-543-21-09,123-89012345
321-654-87-09,123-90123456
456-789-12-34,123-01234567
111-222-33-44,123-12345678
222-333-44-55,123-23456789
333-444-55-66,123-34567890
444-555-66-77,123-45678901
555-666-77-88,123-56789012
666-777-88-99,123-67890123
777-888-99-00,123-78901234
888-999-00-11,123-89012345
999-000-11-22,123-90123456
000-111-22-33,123-01234567
112-233-34-45,123-12345678
223-344-45-56,123-23456789
334-455-56-67,123-34567890
445-566-67-78,123-45678901
556-677-78-89,123-56789012
667-788-89-90,123-67890123
778-899-90-01,123-78901234
889-900-01-12,123-89012345
900-011-12-23,123-90123456
010-123-23-34,123-01234567
121-234-34-45,123-12345678
232-345-45-56,123-23456789
343-456-56-67,123-34567890
454-567-67-78,123-45678901
565-678-78-89,123-56789012
676-789-89-90,123-67890123
787-890-90-01,123-78901234
898-901-01-12,123-89012345
909-012-12-23,123-90123456
020-123-23-34,123-01234567
131-234-34-45,123-12345678
242-345-45-56,123-23456789
353-456-56-67,123-34567890
464-567-67-78,123-45678901
575-678-78-89,123-56789012
686-789-89-90,123-67890123
797-890-90-01,123-78901234
808-901-01-12,123-89012345
919-012-12-23,123-90123456
030-123-23-34,123-01234567
141-234-34-45,123-12345678
252-345-45-56,123-23456789
363-456-56-67,123-34567890
474-567-67-78,123-45678901
585-678-78-89,123-56789012
696-789-89-90,123-67890123
707-890-90-01,123-78901234
818-901-01-12,123-89012345
929-012-12-23,123-90123456
040-123-23-34,123-01234567
151-234-34-45,123-12345678
262-345-45-56,123-23456789
373-456-56-67,123-34567890
484-567-67-78,123-45678901
595-678-78-89,123-56789012
606-789-89-90,123-67890123
717-890-90-01,123-78901234
828-901-01-12,123-89012345
939-012-12-23,123-90123456
050-123-23-34,123-01234567
161-234-34-45,123-12345678
272-345-45-56,123-23456789
383-456-56-67,123-34567890
494-567-67-78,123-45678901
505-678-78-89,123-56789012
616-789-89-90,123-67890123
727-890-90-01,123-78901234
838-901-01-12,123-89012345
949-012-12-23,123-90123456
060-123-23-34,123-01234567
171-234-34-45,123-12345678
282-345-45-56,123-23456789
393-456-56-67,123-34567890
504-567-67-78,123-45678901
615-678-78-89,123-56789012
726-789-89-90,123-67890123
837-890-90-01,123-78901234
948-012-12-23,123-89012345
959-123-23-34,123-90123456
070-234-34-45,123-01234567
181-345-45-56,123-12345678
292-456-56-67,123-23456789
303-567-67-78,123-34567890
414-678-78-89,123-45678901
525-789-89-90,123-56789012
636-890-90-01,123-67890123
747-901-01-12,123-78901234
858-012-12-23,123-89012345
969-123-23-34,123-90123456
080-234-34-45,123-01234567
191-345-45-56,123-12345678
202-456-56-67,123-23456789
313-567-67-78,123-34567890
424-678-78-89,123-45678901
535-789-89-90,123-56789012
646-890-90-01,123-67890123
757-901-01-12,123-78901234
868-012-12-23,123-89012345
979-123-23-34,123-90123456
090-234-34-45,123-01234567
101-345-45-56,123-12345678
212-456-56-67,123-23456789
323-567-67-78,123-34567890
434-678-78-89,123-45678901
545-789-89-90,123-56789012
656-890-90-01,123-67890123
767-901-01-12,123-78901234
878-012-12-23,123-89012345
989-123-23-34,123-90123456
010-234-34-45,123-01234567
121-345-45-56,123-12345678
232-456-56-67,123-23456789
343-567-67-78,123-34567890
454-678-78-89,123-45678901
565-789-89-90,123-56789012
676-890-90-01,123-67890123
787-901-01-12,123-78901234
898-012-12-23,123-89012345
909-123-23-34,123-90123456
020-234-34-45,123-01234567
131-345-45-56,123-12345678
242-456-56-67,123-23456789
353-567-67-78,123-34567890
464-678-78-89,123-45678901
575-789-89-90,123-56789012
686-890-90-01,123-67890123
797-901-01-12,123-78901234
808-012-12-23,123-89012345
919-123-23-34,123-90123456
930-234-34-45,123-01234567
041-345-45-56,123-12345678
152-456-56-67,123-23456789
263-567-67-78,123-34567890
374-678-78-89,123-45678901
485-789-89-90,123-56789012
596-890-90-01,123-67890123
607-901-01-12,123-78901234
718-012-12-23,123-89012345
829-123-23-34,123-90123456
931-234-34-45,123-01234567
042-345-45-56,123-12345678
153-456-56-67,123-23456789
264-567-67-78,123-34567890
375-678-78-89,123-45678901
486-789-89-90,123-56789012
597-890-90-01,123-67890123
608-901-01-12,123-78901234
719-012-12-23,123-89012345
820-123-23-34,123-90123456
931-234-34-45,123-01234567
042-345-45-56,123-12345678
153-456-56-67,123-23456789
264-567-67-78,123-34567890
375-678-78-89,123-45678901
486-789-89-90,123-56789012
597-890-90-01,123-67890123
608-901-01-12,123-78901234
719-012-12-23,123-89012345
820-123-23-34,123-90123456
931-234-34-45,123-01234567
042-345-45-56,123-12345678
153-456-56-67,123-23456789
264-567-67-78,123-34567890
375-678-78-89,123-45678901
486-789-89-90,123-56789012
597-890-90-01,123-67890123
608-901-01-12,123-78901234
719-012-12-23,123-89012345
820-123-23-34,123-90123456
931-234-34-45,123-01234567
042-345-45-56,123-12345678
153-456-56-67,123-23456789
264-567-67-78,123-34567890
375-678-78-89,123-45678901
486-789-89-90,123-56789012
597-890-90-01,123-67890123
608-901-01-12,123-78901234
719-012-12-23,123-89012345
820-123-23-34,123-90123456
931-234-34-45,123-01234567
042-345-45-56,123-12345678
153-456-56-67,123-23456789
264-567-67-78,123-34567890
375-678-78-89,123-45678901
486-789-89-90,123-56789012
597-890-90-01,123-67890123
608-901-01-12,123-78901234
719-012-12-23,123-89012345
820-123-23-34,123-90123456
931-234-34-45,123-01234567
042-345-45-56,123-12345678
153-456-56-67,123-23456789
264-567-67-78,123-34567890
375-678-78-89,123-45678901
486-789-89-90,123-56789012
597-890-90-01,123-67890123
608-901-01-12,123-78901234
719-012-12-23,123-89012345
820-123-23-34,123-90123456
931-234-34-45,123-01234567
042-345-45-56,123-12345678
153-456-56-67,123-23456789
264-567-67-78,123-34567890
375-678-78-89,123-45678901
486-789-89-90,123-56789012
597-890-90-01,123-67890123
608-901-01-12,123-78901234
719-012-12-23,123-89012345
820-123-23-34,123-90123456
931-234-34-45,123-01234567
042-345-45-56,123-12345678
153-456-56-67,123-23456789
264-567-67-78,123-34567890
375-678-78-89,123-45678901
486-789-89-90,123-56789012
597-890-90-01,123-67890123
608-901-01-12,123-78901234
719-012-12-23,123-89012345
820-123-23-34,123-90123456
931-234-34-45,123-01234567
042-345-45-56,123-12345678
153-456-56-67,123-23456789
264-567-67-78,123-34567890
375-678-78-89,123-45678901
486-789-89-90,123-56789012
597-890-90-01,123-67890123
608-901-01-12,123-78901234
719-012-12-23,123-89012345
820-123-23-34,123-90123456
931-234-34-45,123-01234567
042-345-45-56,123-12345678
153-456-56-67,123-23456789
264-567-67-78,123-34567890
375-678-78-89,123-45678901
486-789-89-90,123-56789012
597-890-90-01,123-67890123
608-901-01-12,123-78901234
719-012-12-23,123-89012345
820-123-23-34,123-90123456
931-234-34-45,123-01234567
042-345-45-56,123-12345678
153-456-56-67,123-23456789
264-567-67-78,123-34567890
375-678-78-89,123-45678901
486-789-89-90,123-56789012
597-890-90-01,123-67890123
608-901-01-12,123-78901234
719-012-12-23,123-89012345
820-123-23-34,123-90123456
931-234-34-45,123-01234567
042-345-45-56,123-12345678
153-456-56-67,123-23456789
264-567-67-78,123-34567890
375-678-78-89,123-45678901
486-789-89-90,123-56789012
597-890-90-01,123-67890123
608-901-01-12,123-78901234
719-012-12-23,123-89012345
820-123-23-34,123-90123456
931-234-34-45,123-01234567
042-345-45-56,123-12345678
153-456-56-67,123-23456789
264-567-67-78,123-34567890
375-678-78-89,123-45678901
486-789-89-90,123-56789012
597-890-90-01,123-67890123
608-901-01-12,123-78901234
719-012-12-23,123-89012345
820-123-23-34,123-90123456
931-234-34-45,123-01234567
042-345-45-56,123-12345678
153-456-56-67,123-23456789
264-567-67-78,123-34567890
375-678-78-89,123-45678901
486-789-89-90,123-56789012
597-890-90-01,123-67890123
608-901-01-12,123-78901234
719-012-12-23,123-89012345
820-123-23-34,123-90123456
931-234-34-45,123-01234567
042-345-45-56,123-12345678
153-456-56-67,123-23456789
264-567-67-78,123-34567890
375-678-78-89,123-45678901
486-789-89-90,123-56789012
597-890-90-01,123-67890123
608-901-01-12,123-78901234
719-012-12-23,123-89012345
820-123-23-34,123-90123456
931-234-34-45,123-01234567
042-345-45-56,123-12345678
153-456-56-67,123-23456789
264-567-67-78,123-34567890
375-678-78-89,123-45678901
486-789-89-90,123-56789012
597-890-90-01,123-67890123
608-901-01-12,123-78901234
719-012-12-23,123-89012345
820-123-23-34,123-90123456
931-234-34-45,123-01234567
042-345-45-56,123-12345678
153-456-56-67,123-23456789
264-567-67-78,123-34567890
375-678-78-89,123-45678901
486-789-89-90,123-56789012
597-890-90-01,123-67890123
608-901-01-12,123-78901234
719-012-12-23,123-89012345
820-123-23-34,123-90123456
931-234-34-45,123-01234567
042-345-45-56,123-12345678
153-456-56-67,123-23456789
264-567-67-78,123-34567890
375-678-78-89,123-45678901
486-789-89-90,123-56789012
597-890-90-01,123-67890123
608-901-01-12,123-78901234
719-012-12-23,123-89012345
820-123-23-34,123-90123456
931-234-34-45,123-01234567
042-345-45-56,123-12345678
153-456-56-67,123-23456789
264-567-67-78,123-34567890
375-678-78-89,123-45678901
486-789-89-90,123-56789012
597-890-90-01,123-67890123
608-901-01-12,123-78901234
719-012-12-23,123-89012345
820-123-23-34,123-90123456
931-234-34-45,123-01234567
042-345-45-56,123-12345678
153-456-56-67,123-23456789
264-567-67-78,123-34567890
375-678-78-89,123-45678901
486-789-89-90,123-56789012
597-890-90-01,123-67890123
608-901-01-12,123-78901234
719-012-12-23,123-89012345
820-123-23-34,123-90123456
931-234-34-45,123-01234567
042-345-45-56,123-12345678
153-456-56-67,123-23456789
264-567-67-78,123-34567890
375-678-78-89,123-45678901
486-789-89-90,123-56789012
597-890-90-01,123-67890123
608-901-01-12,123-78901234
719-012-12-23,123-89012345
820-123-23-34,123-90123456
931-234-34-45,123-01234567
042-345-45-56,123-12345678
153-456-56-67,123-23456789
264-567-67-78,123-34567890
375-678-78-89,123-45678901
486-789-89-90,123-56789012
597-890-90-01,123-67890123
608-901-01-12,123-78901234
719-012-12-23,123-89012345
820-123-23-34,123-90123456
931-234-34-45,123-01234567
042-345-45-56,123-12345678
153-456-56-67,123-23456789
264-567-67-78,123-34567890
375-678-78-89,123-45678901
486-789-89-90,123-56789012
597-890-90-01,123-67890123
608-901-01-12,123-78901234
719-012-12-23,123-89012345
820-123-23-34,123-90123456
931-234-34-45,123-01234567
042-345-45-56,123-12345678
153-456-56-67,123-23456789
264-567-67-78,123-34567890
375-678-78-89,123-45678901
486-789-89-90,123-56789012
597-890-90-01,123-67890123
608-901-01-12,123-78901234
719-012-12-23,123-89012345
820-123-23-34,123-90123456
931-234-34-45,123-01234567
042-345-45-56,123-12345678
153-456-56-67,123-23456789
264-567-67-78,123-34567890
375-678-78-89,123-45678901
486-789-89-90,123-56789012
597-890-90-01,123-67890123
608-901-01-12,123-78901234
719-012-12-23,123-89012345
820-123-23-34,123-90123456
931-234-34-45,123-01234567
042-345-45-56,123-12345678
153-456-56-67,123-23456789
264-567-67-78,123-34567890
375-678-78-89,123-45678901
486-789-89-90,123-56789012
597-890-90-01,123-67890123
608-901-01-12,123-78901234
719-012-12-23,123-89012345
820-123-23-34,123-90123456
931-234-34-45,123-01234567
042-345-45-56,123-12345678
153-456-56-67,123-23456789
264-567-67-78,123-34567890
375-678-78-89,123-45678901
486-789-89-90,123-56789012
597-890-90-01,123-67890123
608-901-01-12,123-78901234
719-012-12-23,123-89012345
820-123-23-34,123-90123456
931-234-34-45,123-01234567
042-345-45-56,123-12345678
153-456-56-67,123-23456789
264-567-67-78,123-34567890
375-678-78-89,123-45678901
486-789-89-90,123-56789012
597-890-90-01,123-67890123
608-901-01-12,123-78901234
719-012-12-23,123-89012345
820-123-23-34,123-90123456
931-234-34-45,123-01234567
042-345-45-56,123-12345678
153-456-56-67,123-23456789
264-567-67-78,123-34567890
375-678-78-89,123-45678901
486-789-89-90,123-56789012
597-890-90-01,123-67890123
608-901-01-12,123-78901234
719-012-12-23,123-89012345
820-123-23-34,123-90123456
931-234-34-45,123-01234567
042-345-45-56,123-12345678
153-456-56-67,123-23456789
264-567-67-78,123-34567890
375-678-78-89,123-45678901
486-789-89-90,123-56789012
597-890-90-01,123-67890123
608-901-01-12,123-78901234
719-012-12-23,123-89012345
820-123-23-34,123-90123456
931-234-34-45,123-01234567
042-345-45-56,123-12345678
153-456-56-67,123-23456789
264-567-67-78,123-34567890
375-678-78-89,123-45678901
486-789-89-90,123-56789012
597-890-90-01,123-67890123
608-901-01-12,123-78901234
719-012-12-23,123-89012345
820-123-23-34,123-90123456
931-234-34-45,123-01234567
042-345-45-56,123-12345678
153-456-56-67,123-23456789
264-567-67-78,123-34567890
375-678-78-89,123-45678901
486-789-89-90,123-56789012
597-890-90-01,123-67890123
608-901-01-12,123-78901234
719-012-12-23,123-89012345
820-123-23-34,123-90123456
931-234-34-45,123-01234567
042-345-45-56,123-12345678
153-456-56-67,123-23456789
264-567-67-78,123-34567890
375-678-78-89,123-45678901
486-789-89-90,123-56789012
597-890-90-01,123-67890123
608-901-01-12,123-78901234
719-012-12-23,123-89012345
820-123-23-34,123-90123456
931-234-34-45,123-01234567
042-345-45-56,123-12345678
153-456-56-67,123-23456789
264-567-67-78,123-34567890
375-678-78-89,123-45678901
486-789-89-90,123-56789012
597-890-90-01,123-67890123
608-901-01-12,123-78901234
719-012-12-23,123-89012345
820-123-23-34,123-90123456
931-234-34-45,123-01234567
042-345-45-56,123-12345678
153-456-56-67,123-23456789
264-567-67-78,123-34567890
375-678-78-89,123-45678901
486-789-89-90,123-56789012
597-890-90-01,123-67890123
608-901-01-12,123-78901234
719-012-12-23,123-89012345
820-123-23-34,123-90123456
931-234-34-45,123-01234567
